id,name,email,card,csv,plan
1,Leann Shellum,lshellum0@theglobeandmail.com,4,437,4
2,Sondra Swatten,sswatten1@yandex.ru,3,240,2
3,Amalia Dumbelton,adumbelton2@webnode.com,1,910,2
4,Ingeborg Geggie,igeggie3@symantec.com,1,115,1
5,Gale Oswell,goswell4@japanpost.jp,2,480,4
6,Page Shepperd,pshepperd5@freewebs.com,1,425,4
7,Sammy Teare,steare6@com.com,4,944,5
8,Byran Lerner,blerner7@yolasite.com,1,263,4
9,Crystal Gabbatt,cgabbatt8@imdb.com,1,337,5
10,Carmen Capitano,ccapitano9@globo.com,4,973,1
11,Ruben Lunam,rlunama@yahoo.com,1,441,3
12,Barret Skirvin,bskirvinb@cnbc.com,1,858,5
13,Colline Cornborough,ccornboroughc@is.gd,4,907,5
14,Amara Caghan,acaghand@buzzfeed.com,3,115,1
15,Rawley Kennermann,rkennermanne@istockphoto.com,1,744,2
16,Raimundo Moralee,rmoraleef@stumbleupon.com,2,108,5
17,Lou Jollie,ljollieg@digg.com,3,593,5
18,Kristel Roadknight,kroadknighth@toplist.cz,1,229,3
19,Colly Dicey,cdiceyi@discovery.com,1,641,3
20,Georgianne Josephoff,gjosephoffj@google.fr,1,498,5
21,Jase Dunkerly,jdunkerlyk@1688.com,3,132,1
22,Agna Duffell,aduffelll@tripod.com,3,311,4
23,Laurens Welds,lweldsm@blogtalkradio.com,3,304,4
24,Evania Heller,ehellern@narod.ru,2,398,5
25,Breena Jeannel,bjeannelo@nydailynews.com,1,421,5
26,Siegfried Ryrie,sryriep@msu.edu,3,617,2
27,Tammara Gelletly,tgelletlyq@indiegogo.com,3,129,4
28,El Buzza,ebuzzar@cmu.edu,1,376,5
29,Reinhard Benninger,rbenningers@sbwire.com,2,649,4
30,Bealle Forker,bforkert@latimes.com,1,705,5
31,Kirbee Sowten,ksowtenu@harvard.edu,1,804,3
32,Donna Scopes,dscopesv@arstechnica.com,4,739,3
33,Ginni Clere,gclerew@wikipedia.org,1,130,1
34,Hall Escofier,hescofierx@berkeley.edu,4,912,3
35,Enos Cartmale,ecartmaley@thetimes.co.uk,4,758,5
36,Shara Behneke,sbehnekez@harvard.edu,3,273,4
37,Karney Eldritt,keldritt10@wiley.com,2,832,4
38,Donn Jarred,djarred11@fastcompany.com,4,689,3
39,Claudetta Andreichik,candreichik12@techcrunch.com,2,455,3
40,Ciel Bathersby,cbathersby13@latimes.com,1,516,4
41,Gordie Bulloch,gbulloch14@wix.com,4,460,4
42,Ivor Dallinder,idallinder15@trellian.com,3,175,4
43,Keene Fenix,kfenix16@hugedomains.com,4,608,5
44,Penni Kirman,pkirman17@over-blog.com,3,389,1
45,Ardith Lunnon,alunnon18@lulu.com,2,763,5
46,Ashlin Hayzer,ahayzer19@flavors.me,3,300,3
47,Troy Peery,tpeery1a@wikispaces.com,4,404,4
48,Arlyn Reef,areef1b@prlog.org,2,286,2
49,Terry Pepys,tpepys1c@gnu.org,3,933,1
50,Issy Kibblewhite,ikibblewhite1d@mit.edu,4,632,5
51,Julietta Minto,jminto1e@blog.com,4,791,5
52,Koressa Kenington,kkenington1f@chicagotribune.com,1,120,5
53,Elianora Tripett,etripett1g@statcounter.com,1,509,2
54,Karalee Whyman,kwhyman1h@quantcast.com,3,102,1
55,Hildagard Iashvili,hiashvili1i@unicef.org,1,138,3
56,Bobbe Gunston,bgunston1j@usnews.com,3,700,3
57,Faulkner Truesdale,ftruesdale1k@csmonitor.com,4,463,4
58,Virgilio Baume,vbaume1l@state.tx.us,2,415,1
59,Obie Hurry,ohurry1m@elegantthemes.com,1,869,1
60,Gardner Hobbert,ghobbert1n@mozilla.com,3,339,2
61,Cynthia Creighton,ccreighton1o@wikimedia.org,1,333,3
62,Gabriel Sidaway,gsidaway1p@auda.org.au,3,863,2
63,Megan Bonass,mbonass1q@wikia.com,4,564,4
64,Malena Clohessy,mclohessy1r@columbia.edu,2,817,1
65,Elfrieda Dreinan,edreinan1s@homestead.com,2,372,3
66,Silvia Baskett,sbaskett1t@chronoengine.com,2,575,3
67,Paige Bithell,pbithell1u@elegantthemes.com,2,622,1
68,Evey Wellan,ewellan1v@constantcontact.com,3,687,1
69,Binny Milesap,bmilesap1w@list-manage.com,3,612,4
70,Chane Muckleston,cmuckleston1x@boston.com,4,504,3
71,Ezmeralda Chretien,echretien1y@ebay.co.uk,4,698,3
72,Vonny Syder,vsyder1z@senate.gov,4,920,1
73,Johnathon Heady,jheady20@baidu.com,1,485,4
74,Mollie Ruprecht,mruprecht21@theatlantic.com,1,946,1
75,Isidoro Timby,itimby22@goo.gl,3,548,2
76,Sara Tuckwell,stuckwell23@goodreads.com,2,988,5
77,Alexander McGarva,amcgarva24@sphinn.com,1,703,1
78,Tann Prenty,tprenty25@ft.com,1,186,4
79,Emilee Jeffreys,ejeffreys26@bing.com,3,496,2
80,Anne Cooley,acooley27@ucla.edu,3,634,4
81,Tybie Capini,tcapini28@tuttocitta.it,1,387,3
82,Jeddy Kunze,jkunze29@dot.gov,2,509,2
83,Dedra Helliar,dhelliar2a@soundcloud.com,2,592,1
84,Candra Sebley,csebley2b@studiopress.com,2,260,1
85,Adrienne McGilvra,amcgilvra2c@yelp.com,3,923,4
86,Cherye Northridge,cnorthridge2d@webmd.com,2,369,4
87,Tani Bickersteth,tbickersteth2e@kickstarter.com,4,661,1
88,Emlyn Molloy,emolloy2f@va.gov,2,261,5
89,Ginger Sweedy,gsweedy2g@soundcloud.com,1,209,2
90,Weidar Wybrew,wwybrew2h@europa.eu,1,598,4
91,Sidnee Serjent,sserjent2i@acquirethisname.com,2,444,2
92,Lenora Scurrey,lscurrey2j@archive.org,2,883,2
93,Cybill Collett,ccollett2k@yellowpages.com,3,790,1
94,Shalna McLachlan,smclachlan2l@photobucket.com,1,656,3
95,Kalle Yanne,kyanne2m@a8.net,4,315,5
96,Melania Brodeau,mbrodeau2n@omniture.com,2,162,5
97,Siusan Bunce,sbunce2o@so-net.ne.jp,1,786,3
98,Allyn Yanne,ayanne2p@geocities.com,2,175,1
99,Juliana Kubica,jkubica2q@ameblo.jp,3,646,1
100,Maurits Martinson,mmartinson2r@blogtalkradio.com,1,578,1
101,Clair Fettiplace,cfettiplace2s@github.io,3,165,2
102,Brit Gilliatt,bgilliatt2t@theguardian.com,3,949,4
103,Cristi Bestiman,cbestiman2u@skype.com,1,287,5
104,Ferdinanda Birchenough,fbirchenough2v@php.net,4,626,3
105,Darsey Winwood,dwinwood2w@sina.com.cn,3,420,5
106,Eran Copeman,ecopeman2x@digg.com,3,594,1
107,Marylinda Kitchen,mkitchen2y@ifeng.com,4,127,3
108,Johny Kusick,jkusick2z@discuz.net,3,668,5
109,Ludovico Dovydenas,ldovydenas30@tripod.com,3,800,5
110,Papageno Conneely,pconneely31@blogs.com,4,928,2
111,Mandi Pendreigh,mpendreigh32@un.org,4,600,3
112,Lynnet Osmar,losmar33@eventbrite.com,1,996,1
113,Kermie Ryhorovich,kryhorovich34@disqus.com,3,754,1
114,Bran Darcy,bdarcy35@feedburner.com,1,707,2
115,Neddie Dominka,ndominka36@uol.com.br,2,524,1
116,Vinnie Iddiens,viddiens37@patch.com,1,539,4
117,Gus Taylor,gtaylor38@homestead.com,2,150,2
118,Helga Durman,hdurman39@goo.gl,4,972,3
119,Vinnie Rowbury,vrowbury3a@spiegel.de,2,920,4
120,Gaby Mitrovic,gmitrovic3b@techcrunch.com,3,760,5
121,Connie Jerrolt,cjerrolt3c@dot.gov,3,586,1
122,Thomasa Willock,twillock3d@mtv.com,1,337,2
123,Thurstan Crawcour,tcrawcour3e@msu.edu,3,303,1
124,Eartha Mulqueen,emulqueen3f@twitpic.com,1,685,5
125,Emmy McJerrow,emcjerrow3g@whitehouse.gov,3,542,4
126,Herschel Picopp,hpicopp3h@china.com.cn,2,305,1
127,Shane Wildblood,swildblood3i@fotki.com,1,516,1
128,Lola Bloxham,lbloxham3j@baidu.com,2,313,2
129,Nevile Godspeede,ngodspeede3k@sitemeter.com,2,494,4
130,Kennie Heninghem,kheninghem3l@gravatar.com,2,496,2
131,Rafaelia Scripture,rscripture3m@si.edu,4,679,4
132,Sibilla Jolin,sjolin3n@prnewswire.com,1,757,5
133,Normand Gillson,ngillson3o@ed.gov,2,148,5
134,Shalne Caple,scaple3p@blogspot.com,3,732,4
135,Husain Goullee,hgoullee3q@weebly.com,4,574,4
136,Orin Tamblyn,otamblyn3r@hostgator.com,3,219,1
137,Babbie Gauthorpp,bgauthorpp3s@constantcontact.com,3,131,1
138,Shanda Matuschek,smatuschek3t@123-reg.co.uk,3,414,2
139,Olly Meininking,omeininking3u@mac.com,3,389,1
140,Kevan Kidsley,kkidsley3v@google.com.br,1,789,1
141,Daryl Halliburton,dhalliburton3w@cisco.com,2,739,1
142,Steve Eskell,seskell3x@trellian.com,4,911,2
143,Fredia Wallington,fwallington3y@simplemachines.org,3,597,2
144,Gardie Bontoft,gbontoft3z@skyrock.com,4,905,3
145,Fianna Witcomb,fwitcomb40@flavors.me,4,354,5
146,Theressa Sertin,tsertin41@usatoday.com,1,646,4
147,Sheila Housecraft,shousecraft42@instagram.com,3,296,2
148,Edwin Jeannesson,ejeannesson43@washington.edu,1,918,3
149,Falkner MacAllester,fmacallester44@discuz.net,4,912,1
150,Carver Pentin,cpentin45@cmu.edu,3,834,2
151,Kiel Fuentes,kfuentes46@alexa.com,2,954,4
152,Ciel Quarlis,cquarlis47@nature.com,4,235,2
153,Jarib Titford,jtitford48@xing.com,3,546,5
154,Shannen Damsell,sdamsell49@squarespace.com,2,834,5
155,Filberto Kubin,fkubin4a@skype.com,3,823,5
156,Wilbert Braidwood,wbraidwood4b@oaic.gov.au,1,498,1
157,Rodi Nurse,rnurse4c@mozilla.com,1,164,4
158,Herby Blight,hblight4d@unesco.org,3,777,3
159,Way Seely,wseely4e@omniture.com,1,984,2
160,Annie Gossling,agossling4f@bing.com,1,774,4
161,Carmencita Ellinor,cellinor4g@rakuten.co.jp,1,168,4
162,Sergent Sprake,ssprake4h@last.fm,2,519,5
163,Tremain Sloss,tsloss4i@wunderground.com,1,352,3
164,Axel Phillp,aphillp4j@sbwire.com,1,690,2
165,Charla Heinzel,cheinzel4k@smugmug.com,4,822,1
166,Garnet Lindro,glindro4l@soup.io,1,697,5
167,Englebert Profit,eprofit4m@trellian.com,4,948,2
168,Marcelline Andrejevic,mandrejevic4n@hubpages.com,3,131,2
169,Gabi Dubery,gdubery4o@topsy.com,2,344,2
170,Lucho Glassford,lglassford4p@prlog.org,2,303,2
171,Coral Haliburn,chaliburn4q@marriott.com,1,825,4
172,Eudora Egle,eegle4r@about.me,1,268,4
173,Wade Bratchell,wbratchell4s@mysql.com,4,518,4
174,Moe Sholem,msholem4t@miibeian.gov.cn,4,471,2
175,Meara Naton,mnaton4u@mapy.cz,2,938,2
176,Raddy Ireson,rireson4v@spiegel.de,3,690,4
177,Abbie Beldham,abeldham4w@123-reg.co.uk,4,905,3
178,Rufus Maciaszek,rmaciaszek4x@ning.com,1,399,2
179,Cleo Menear,cmenear4y@soup.io,1,396,2
180,Iorgos Gratton,igratton4z@geocities.com,2,445,2
181,Laurie Timlin,ltimlin50@bravesites.com,2,366,5
182,Lincoln Cheasman,lcheasman51@last.fm,1,906,1
183,Buffy Ellson,bellson52@godaddy.com,4,184,5
184,Stormi Stuckes,sstuckes53@microsoft.com,2,472,1
185,Barnie Stickler,bstickler54@mapquest.com,2,732,1
186,Marlo Domniney,mdomniney55@homestead.com,1,111,2
187,Decca Donwell,ddonwell56@reddit.com,2,352,4
188,Bond Bensusan,bbensusan57@booking.com,4,124,1
189,Cissy Orta,corta58@loc.gov,1,601,1
190,Ives Mannie,imannie59@google.es,1,997,2
191,Tan Collyns,tcollyns5a@i2i.jp,2,217,2
192,Jeanne Battram,jbattram5b@pen.io,4,603,5
193,Correy Magarrell,cmagarrell5c@state.tx.us,1,995,3
194,Amery Barnaclough,abarnaclough5d@discovery.com,2,915,3
195,Linnea McKendo,lmckendo5e@mozilla.com,2,390,5
196,Ryun Lofting,rlofting5f@meetup.com,3,938,2
197,Evey Sayers,esayers5g@techcrunch.com,2,231,3
198,Kahlil Reynold,kreynold5h@techcrunch.com,3,984,1
199,Louisa Gentric,lgentric5i@newyorker.com,2,560,5
200,Sheryl Benardette,sbenardette5j@pbs.org,1,398,5
201,Jane Paxforde,jpaxforde5k@photobucket.com,3,936,5
202,Rebecca Poli,rpoli5l@upenn.edu,3,103,1
203,Lotte De'Ath,ldeath5m@icq.com,3,477,4
204,Tobie Bewshea,tbewshea5n@gov.uk,1,200,2
205,Spike Gidman,sgidman5o@microsoft.com,3,360,2
206,Aimil Wise,awise5p@shutterfly.com,1,189,1
207,Celestyn Cosstick,ccosstick5q@google.com,3,899,4
208,Rikki Duley,rduley5r@moonfruit.com,2,917,4
209,Aleta Jannequin,ajannequin5s@nbcnews.com,4,882,4
210,Angel Beeston,abeeston5t@google.fr,1,364,1
211,Tuck Petrulis,tpetrulis5u@apple.com,4,863,5
212,Paten Brignell,pbrignell5v@cnbc.com,1,153,1
213,Tina Midner,tmidner5w@samsung.com,4,495,3
214,Zachary Kamienski,zkamienski5x@msn.com,4,328,2
215,Ashely MacDonogh,amacdonogh5y@drupal.org,2,710,4
216,Isis Sindle,isindle5z@about.me,1,666,5
217,Niko McCarry,nmccarry60@paypal.com,1,359,1
218,Jerry Hunting,jhunting61@accuweather.com,3,436,3
219,Jecho Janaszkiewicz,jjanaszkiewicz62@newyorker.com,3,243,1
220,Desi Whittek,dwhittek63@skype.com,3,293,1
221,Culver Mattke,cmattke64@indiegogo.com,3,597,3
222,Drake Freckingham,dfreckingham65@sciencedaily.com,2,916,3
223,Pat Lamzed,plamzed66@rambler.ru,1,649,3
224,Johnathan Zucker,jzucker67@un.org,3,636,4
225,Katheryn Redmond,kredmond68@bluehost.com,3,520,2
226,Brana Healey,bhealey69@wsj.com,3,754,1
227,Quintin Columbine,qcolumbine6a@hud.gov,3,862,1
228,Sherwood Bottoms,sbottoms6b@seattletimes.com,4,124,2
229,Brennen Bolliver,bbolliver6c@google.ru,4,511,1
230,Riannon Winston,rwinston6d@acquirethisname.com,1,432,3
231,Marcus Ibbetson,mibbetson6e@harvard.edu,1,240,3
232,Gerrilee Aloshikin,galoshikin6f@cam.ac.uk,4,766,5
233,Elijah Pere,epere6g@blinklist.com,1,649,3
234,Ring Rosenbusch,rrosenbusch6h@tinypic.com,1,933,4
235,Chaddie Hartropp,chartropp6i@so-net.ne.jp,2,271,5
236,Ingeberg Hardisty,ihardisty6j@adobe.com,3,549,2
237,Smith Issard,sissard6k@a8.net,3,982,5
238,Deeyn Ramplee,dramplee6l@hatena.ne.jp,1,105,1
239,Seka McGaughay,smcgaughay6m@free.fr,4,450,4
240,Packston Edinboro,pedinboro6n@hc360.com,1,668,3
241,Farrand Laffoley-Lane,flaffoleylane6o@gnu.org,4,187,1
242,Kaja Chaytor,kchaytor6p@gmpg.org,2,138,1
243,Geneva Catonne,gcatonne6q@prnewswire.com,3,820,1
244,Ermina Bartolomivis,ebartolomivis6r@deliciousdays.com,3,445,3
245,Jaquith Mynard,jmynard6s@reuters.com,4,422,4
246,Aksel Fausset,afausset6t@vimeo.com,1,793,5
247,Shandy Henningham,shenningham6u@github.com,4,488,2
248,Alyce Digginson,adigginson6v@hhs.gov,2,904,2
249,Erroll Allabarton,eallabarton6w@taobao.com,3,788,2
250,Kathryn Bartolomeotti,kbartolomeotti6x@cocolog-nifty.com,3,396,5
251,Heidi Astling,hastling6y@mlb.com,3,259,2
252,Harland Duckett,hduckett6z@cbc.ca,1,268,4
253,Cass Challiner,cchalliner70@flickr.com,4,133,2
254,Brigida Divina,bdivina71@ocn.ne.jp,4,964,2
255,Hildagard Godar,hgodar72@elpais.com,3,186,5
256,Maribelle Gidden,mgidden73@constantcontact.com,3,708,3
257,Patton Lace,place74@delicious.com,3,808,2
258,Fifine Wharby,fwharby75@cbslocal.com,3,426,2
259,Claiborne Effaunt,ceffaunt76@livejournal.com,4,396,2
260,Elmore Gillicuddy,egillicuddy77@soundcloud.com,1,255,3
261,Malena Berrick,mberrick78@dropbox.com,4,813,3
262,Quintana Allatt,qallatt79@jimdo.com,4,164,3
263,Budd Wellfare,bwellfare7a@answers.com,1,110,3
264,Garret Nannini,gnannini7b@huffingtonpost.com,1,602,5
265,Katinka Hartness,khartness7c@bravesites.com,3,636,1
266,Kurtis Aherne,kaherne7d@netvibes.com,3,424,4
267,Carri Griffin,cgriffin7e@cbsnews.com,1,991,5
268,Valene Ballantyne,vballantyne7f@blogger.com,4,823,3
269,Janka Klasen,jklasen7g@eepurl.com,4,967,2
270,Yule Godmer,ygodmer7h@geocities.com,2,829,2
271,Antonie McGrayle,amcgrayle7i@blinklist.com,2,824,5
272,Franky Caldecott,fcaldecott7j@gnu.org,3,472,4
273,Karel Godman,kgodman7k@flavors.me,2,375,2
274,Colene Boate,cboate7l@oakley.com,3,353,2
275,Tim Symington,tsymington7m@unc.edu,4,696,4
276,Dick Bandiera,dbandiera7n@qq.com,1,259,2
277,Filmore Janaway,fjanaway7o@t-online.de,4,403,2
278,Gustavus Feeney,gfeeney7p@cdc.gov,1,337,4
279,Vinnie Andreacci,vandreacci7q@sciencedirect.com,4,635,1
280,Jarrod Leyburn,jleyburn7r@umn.edu,1,505,3
281,Witty Claibourn,wclaibourn7s@webnode.com,4,164,2
282,Nancy Senett,nsenett7t@mail.ru,3,135,3
283,Norah Duiged,nduiged7u@blogger.com,4,404,5
284,Dukey Lintill,dlintill7v@nps.gov,4,188,2
285,Ferrel Bentsen,fbentsen7w@amazon.de,1,872,5
286,Edik Karmel,ekarmel7x@theguardian.com,1,150,5
287,Enrika Spearett,espearett7y@phoca.cz,2,611,2
288,Birgit Train,btrain7z@forbes.com,3,825,5
289,Josefa Van Halle,jvan80@goo.gl,1,447,1
290,Kania Cradoc,kcradoc81@intel.com,4,716,4
291,Son Berzins,sberzins82@senate.gov,2,946,4
292,Clive Mayoh,cmayoh83@comsenz.com,3,400,4
293,Florenza Gosney,fgosney84@opera.com,1,206,4
294,Faydra Howgate,fhowgate85@techcrunch.com,2,893,2
295,Robenia Pendre,rpendre86@trellian.com,4,547,2
296,Dunn Peplay,dpeplay87@usatoday.com,3,578,5
297,Carlye Joslyn,cjoslyn88@t-online.de,3,473,2
298,Shannon Soule,ssoule89@netvibes.com,1,127,1
299,Lorelle Bothwell,lbothwell8a@furl.net,2,629,3
300,Jemie McCrillis,jmccrillis8b@fastcompany.com,3,322,3
301,Nina Klementz,nklementz8c@unesco.org,1,735,5
302,Brendon Dast,bdast8d@google.ca,2,283,2
303,Jacques Dahlen,jdahlen8e@weibo.com,1,270,2
304,Codee Diament,cdiament8f@biblegateway.com,3,753,2
305,Rianon Mozzetti,rmozzetti8g@hp.com,4,158,1
306,Rakel Kirsche,rkirsche8h@biglobe.ne.jp,4,311,5
307,Betti O'Connolly,boconnolly8i@howstuffworks.com,2,632,4
308,Clemmie Vallentine,cvallentine8j@geocities.com,1,596,1
309,Auria Bicknell,abicknell8k@google.com.au,3,826,5
310,Eugenie Chiddy,echiddy8l@google.cn,1,778,3
311,Hagen Ellsom,hellsom8m@theatlantic.com,4,789,3
312,Bonita Newport,bnewport8n@themeforest.net,4,558,4
313,Thorpe Wensley,twensley8o@prlog.org,2,981,4
314,Amye Carefull,acarefull8p@jigsy.com,4,892,2
315,Baxter Poel,bpoel8q@g.co,1,285,1
316,Doroteya MacNeillie,dmacneillie8r@wired.com,2,645,2
317,Dana Pudge,dpudge8s@gizmodo.com,2,832,2
318,Ginnifer Odger,godger8t@123-reg.co.uk,1,753,4
319,Ruby Bollen,rbollen8u@booking.com,2,971,4
320,Rae Emblen,remblen8v@soup.io,3,411,3
321,Marna Dall,mdall8w@google.cn,4,341,5
322,Luelle Sowrey,lsowrey8x@blogtalkradio.com,2,111,1
323,Pierre Pelosi,ppelosi8y@issuu.com,3,279,5
324,Karlie Costa,kcosta8z@loc.gov,3,804,5
325,Gun Reed,greed90@51.la,2,998,5
326,Octavia Winterbotham,owinterbotham91@wikipedia.org,4,735,1
327,Freddie Waltering,fwaltering92@blogger.com,1,683,3
328,Dalli Wallage,dwallage93@dagondesign.com,2,960,2
329,Mano Castro,mcastro94@newsvine.com,1,800,5
330,Sharl Gelling,sgelling95@amazonaws.com,3,956,5
331,Jess Bain,jbain96@mapy.cz,4,227,3
332,Dedie Bilbrey,dbilbrey97@booking.com,4,101,2
333,Noam Hallagan,nhallagan98@deliciousdays.com,3,283,2
334,Gussi Blackley,gblackley99@google.com.hk,3,590,2
335,Clywd Snell,csnell9a@tinyurl.com,4,434,2
336,Shirleen Raspison,sraspison9b@deliciousdays.com,1,815,4
337,Eolande Michelmore,emichelmore9c@creativecommons.org,3,623,5
338,Travis Clew,tclew9d@army.mil,1,753,5
339,Vernen Kilbee,vkilbee9e@istockphoto.com,1,218,2
340,Corey Cuolahan,ccuolahan9f@devhub.com,3,124,3
341,Cleavland Wavell,cwavell9g@amazon.com,2,304,4
342,Tasia Tortoishell,ttortoishell9h@state.gov,3,927,1
343,Ruben Dow,rdow9i@prlog.org,3,437,1
344,Cary Lowerson,clowerson9j@independent.co.uk,1,953,5
345,Frank Gewer,fgewer9k@fc2.com,1,755,5
346,Arleen Jermyn,ajermyn9l@hao123.com,3,767,2
347,Angie MacEvilly,amacevilly9m@eepurl.com,3,590,2
348,Shawna Pietasch,spietasch9n@harvard.edu,2,999,2
349,Christy De Cruze,cde9o@technorati.com,3,355,4
350,Collette Boulde,cboulde9p@trellian.com,3,130,2
351,Christabel Perazzo,cperazzo9q@vinaora.com,4,846,2
352,Shaughn Fitzsymons,sfitzsymons9r@de.vu,1,401,3
353,Tyrone Najara,tnajara9s@army.mil,4,564,4
354,Randy Dowthwaite,rdowthwaite9t@cbsnews.com,4,948,3
355,Thibaut Eskrigg,teskrigg9u@flickr.com,1,643,5
356,Tate Verden,tverden9v@dion.ne.jp,2,183,4
357,Prudy Egerton,pegerton9w@noaa.gov,4,799,4
358,Hedda Mullany,hmullany9x@sfgate.com,4,276,5
359,Niki MacAindreis,nmacaindreis9y@nsw.gov.au,4,973,5
360,Jasmin Broggetti,jbroggetti9z@fda.gov,4,648,2
361,Dex Headech,dheadecha0@geocities.jp,2,887,5
362,Merv Shellum,mshelluma1@creativecommons.org,2,937,5
363,Giacopo Perassi,gperassia2@nbcnews.com,4,338,3
364,Celeste Godin,cgodina3@photobucket.com,2,644,1
365,Alfy Shatford,ashatforda4@amazon.com,3,531,1
366,Binni Ambrosoli,bambrosolia5@reference.com,3,550,1
367,Lilla Larkkem,llarkkema6@drupal.org,3,794,1
368,Reinald Fortey,rforteya7@mozilla.org,2,716,5
369,Lind Dreigher,ldreighera8@wired.com,4,952,5
370,Paxon Dawnay,pdawnaya9@ycombinator.com,1,114,1
371,Gerald Rops,gropsaa@wsj.com,3,373,1
372,Sheff Yegorkov,syegorkovab@cdc.gov,3,300,3
373,Gaven McBeath,gmcbeathac@cbslocal.com,3,639,2
374,Bran Tomlinson,btomlinsonad@zimbio.com,2,494,2
375,Herrick Cotesford,hcotesfordae@google.de,4,441,3
376,Kate Belone,kbeloneaf@wix.com,3,311,4
377,Queenie Bourgourd,qbourgourdag@webeden.co.uk,3,719,1
378,Nikolia Cracker,ncrackerah@squarespace.com,4,928,2
379,Camellia Dymond,cdymondai@comcast.net,2,520,1
380,Kerk Paskin,kpaskinaj@economist.com,2,320,5
381,Wye Aneley,waneleyak@wikia.com,4,734,1
382,Bernette Kiehnlt,bkiehnltal@cpanel.net,1,574,1
383,Batsheva Ramas,bramasam@alibaba.com,2,574,5
384,Jamal Battista,jbattistaan@hc360.com,3,780,3
385,Marcello Edser,medserao@joomla.org,2,749,4
386,Yolande Kilfeather,ykilfeatherap@dmoz.org,1,350,3
387,Eyde Sivewright,esivewrightaq@spiegel.de,1,343,3
388,Darci Hearse,dhearsear@e-recht24.de,4,702,4
389,Rebeca Inkin,rinkinas@photobucket.com,4,901,4
390,Mei Malarkey,mmalarkeyat@xinhuanet.com,4,480,5
391,Delila Kirkness,dkirknessau@hexun.com,4,410,1
392,Raimondo Milksop,rmilksopav@google.it,1,900,3
393,Oberon Laverty,olavertyaw@icio.us,2,800,4
394,Chere Blencowe,cblencoweax@clickbank.net,1,435,4
395,Erastus Adamo,eadamoay@bravesites.com,4,110,2
396,Laurena Melchior,lmelchioraz@stanford.edu,1,527,4
397,Flossi Donaho,fdonahob0@baidu.com,2,639,2
398,Alric Tomisch,atomischb1@stanford.edu,2,457,1
399,Alwyn Pagett,apagettb2@mozilla.org,3,632,5
400,Emelia Kluge,eklugeb3@howstuffworks.com,4,181,2
401,Clio Colbourn,ccolbournb4@list-manage.com,1,357,1
402,Sile Shillingford,sshillingfordb5@stanford.edu,4,509,2
403,Denney Lehrer,dlehrerb6@google.de,2,942,2
404,Saxon Lowcock,slowcockb7@php.net,3,545,5
405,Pegeen Freeberne,pfreeberneb8@ftc.gov,2,242,3
406,Dore Burdfield,dburdfieldb9@phpbb.com,1,796,2
407,Joete Gerry,jgerryba@moonfruit.com,3,786,4
408,Beilul Gadd,bgaddbb@dailymail.co.uk,1,200,2
409,Sigismondo Scandrick,sscandrickbc@example.com,4,219,2
410,Jimmie Leys,jleysbd@scientificamerican.com,3,359,1
411,Eldin Thornborrow,ethornborrowbe@bbb.org,4,485,2
412,Normie Dulanty,ndulantybf@mail.ru,4,524,2
413,Minor Berntssen,mberntssenbg@netscape.com,2,288,4
414,Laureen Higginbottam,lhigginbottambh@oaic.gov.au,1,115,1
415,Marc Shillitto,mshillittobi@seattletimes.com,1,720,5
416,Vania Cann,vcannbj@opensource.org,1,516,1
417,Sutherlan Meugens,smeugensbk@qq.com,2,148,2
418,Nevile O'Connel,noconnelbl@chronoengine.com,4,173,2
419,Sibel Boldero,sbolderobm@apple.com,3,469,3
420,Maison Meenan,mmeenanbn@wikispaces.com,4,647,3
421,Alexine Glidden,agliddenbo@joomla.org,2,877,3
422,Stevena Sammes,ssammesbp@chronoengine.com,1,970,2
423,Xerxes Ramplee,xrampleebq@w3.org,4,555,5
424,Base While,bwhilebr@irs.gov,3,742,4
425,Antonio Cliff,acliffbs@clickbank.net,3,676,3
426,Sinclare Gollin,sgollinbt@hexun.com,4,262,2
427,Sherri Abrahamsohn,sabrahamsohnbu@1und1.de,2,345,3
428,Anallise Domokos,adomokosbv@mail.ru,1,609,1
429,Geno Crosi,gcrosibw@g.co,4,909,3
430,Colman Critzen,ccritzenbx@woothemes.com,2,533,2
431,Jonathan Galbreath,jgalbreathby@studiopress.com,4,410,3
432,Penrod Hoonahan,phoonahanbz@disqus.com,3,244,3
433,Cleveland Stone Fewings,cstonec0@deviantart.com,3,581,2
434,Cherin Tomes,ctomesc1@google.fr,3,171,1
435,Hunfredo Curtois,hcurtoisc2@topsy.com,1,381,5
436,Marylin Brobeck,mbrobeckc3@dmoz.org,2,464,3
437,Norbie Waghorn,nwaghornc4@weebly.com,2,696,4
438,Jesse Girke,jgirkec5@dailymail.co.uk,2,478,2
439,Mile Geibel,mgeibelc6@discuz.net,3,611,4
440,Joey Farnorth,jfarnorthc7@yahoo.co.jp,1,719,5
441,Fancie Peevor,fpeevorc8@reuters.com,2,152,5
442,Frasquito Creber,fcreberc9@wix.com,4,818,2
443,Verena Robinett,vrobinettca@google.com,2,519,4
444,Hubey Bridgeman,hbridgemancb@virginia.edu,1,547,5
445,Jaquenetta Simkiss,jsimkisscc@icio.us,4,580,3
446,Jourdain Berr,jberrcd@themeforest.net,2,207,1
447,Sallee Ivanichev,sivanichevce@prweb.com,2,456,3
448,Caye Bittlestone,cbittlestonecf@dmoz.org,1,192,3
449,Diahann Lyster,dlystercg@unicef.org,4,593,2
450,Alric Monelle,amonellech@csmonitor.com,2,471,3
451,Celesta Burgott,cburgottci@wix.com,3,693,4
452,Nico Giriardelli,ngiriardellicj@economist.com,3,624,3
453,Fletch Aleavy,faleavyck@google.cn,3,153,3
454,Adlai Lettice,aletticecl@icq.com,4,827,1
455,Floyd Foxhall,ffoxhallcm@cloudflare.com,3,442,3
456,Nan Murphy,nmurphycn@tmall.com,2,720,1
457,Constantin Pervew,cpervewco@hhs.gov,1,875,3
458,Lori Ubsdale,lubsdalecp@huffingtonpost.com,4,776,4
459,Leann McGeffen,lmcgeffencq@phpbb.com,3,493,2
460,Rad McCarron,rmccarroncr@storify.com,3,986,2
461,Roley Bolesworth,rbolesworthcs@fastcompany.com,3,186,5
462,Rosalinda Horder,rhorderct@typepad.com,3,379,4
463,Jemima Jolland,jjollandcu@posterous.com,1,564,4
464,Nigel Grovier,ngroviercv@imageshack.us,3,948,3
465,Ryan Beldam,rbeldamcw@kickstarter.com,4,938,1
466,Eddy Lethbury,elethburycx@alibaba.com,3,661,3
467,Fredericka Tolerton,ftolertoncy@example.com,3,886,4
468,Rene Ort,rortcz@jiathis.com,3,376,5
469,Cristy Scotchmor,cscotchmord0@cisco.com,2,321,2
470,Flemming McCreery,fmccreeryd1@example.com,3,398,4
471,Sophey Savidge,ssavidged2@rakuten.co.jp,2,469,4
472,Debee Nibley,dnibleyd3@netscape.com,1,278,2
473,Peg Gasnoll,pgasnolld4@etsy.com,3,436,2
474,Fred Muffett,fmuffettd5@gnu.org,2,402,5
475,Claresta Aronstam,caronstamd6@rambler.ru,4,579,1
476,Lari Strotone,lstrotoned7@amazonaws.com,1,706,1
477,Gerrie Clissett,gclissettd8@plala.or.jp,2,485,1
478,Eada Messom,emessomd9@usgs.gov,4,346,5
479,Harv Coppen,hcoppenda@hao123.com,2,959,2
480,Bobette Firebrace,bfirebracedb@domainmarket.com,4,355,5
481,Darsie Guiduzzi,dguiduzzidc@epa.gov,4,895,1
482,Janith Bamfield,jbamfielddd@sakura.ne.jp,3,137,4
483,Ola Gale,ogalede@virginia.edu,3,122,1
484,Lyman Pigeram,lpigeramdf@jugem.jp,2,648,5
485,Barris Lagadu,blagadudg@mapy.cz,2,684,1
486,Ring Gouldthorp,rgouldthorpdh@sfgate.com,3,705,5
487,Riannon Kindle,rkindledi@amazon.co.jp,3,739,5
488,Kimberly Foskett,kfoskettdj@histats.com,4,707,2
489,Oralia Jepson,ojepsondk@usa.gov,4,922,1
490,Veronique Banks,vbanksdl@accuweather.com,1,784,1
491,Antoni Maitland,amaitlanddm@blogger.com,2,836,4
492,Kelsey Dericot,kdericotdn@drupal.org,3,652,2
493,Missy Doel,mdoeldo@xinhuanet.com,1,503,3
494,Letta Heining,lheiningdp@icq.com,2,681,2
495,Minette Louis,mlouisdq@deviantart.com,3,446,4
496,Darrell Shawyers,dshawyersdr@sohu.com,3,129,4
497,Richart Stanborough,rstanboroughds@samsung.com,4,884,5
498,Ines Jayme,ijaymedt@imageshack.us,4,533,5
499,Shannon Graber,sgraberdu@senate.gov,1,959,3
500,Charity Dingate,cdingatedv@oakley.com,4,426,5
501,Caryn Shelley,cshelleydw@imageshack.us,2,202,5
502,Christiano Cleife,ccleifedx@webeden.co.uk,1,299,1
503,Sunshine Ghent,sghentdy@macromedia.com,4,668,3
504,Genna Kleinschmidt,gkleinschmidtdz@php.net,4,687,1
505,Lela Abramowitch,labramowitche0@newyorker.com,4,381,2
506,Leontyne Gerardot,lgerardote1@is.gd,2,226,1
507,Stesha Seid,sseide2@independent.co.uk,1,871,5
508,Isidro Hanham,ihanhame3@thetimes.co.uk,1,838,1
509,Sheeree De Laci,sdee4@foxnews.com,4,716,2
510,Lewie Radoux,lradouxe5@newyorker.com,3,886,5
511,Cyrus Kettleson,ckettlesone6@toplist.cz,3,210,4
512,Reinald Olivari,rolivarie7@yelp.com,1,974,5
513,Bevvy Weyland,bweylande8@tinypic.com,2,761,2
514,Livvyy Handforth,lhandforthe9@blogtalkradio.com,1,967,3
515,Axel Kummerlowe,akummerloweea@blogtalkradio.com,1,309,3
516,Danya Casini,dcasinieb@cbslocal.com,1,971,3
517,Bearnard Marcoolyn,bmarcoolynec@google.ca,1,389,2
518,Glenden Hurst,ghursted@goo.ne.jp,3,323,3
519,Jamesy Barkus,jbarkusee@omniture.com,4,987,3
520,Maxy Afonso,mafonsoef@wired.com,2,373,4
521,Linn Mc Comb,lmceg@nasa.gov,4,289,1
522,Terri Melledy,tmelledyeh@google.co.jp,3,103,2
523,Thadeus Ogles,toglesei@amazonaws.com,3,610,2
524,Vincents Paddingdon,vpaddingdonej@irs.gov,3,944,5
525,Vonny Jordin,vjordinek@edublogs.org,2,390,1
526,Anetta Esmead,aesmeadel@nymag.com,2,905,4
527,Nikaniki Noddings,nnoddingsem@yandex.ru,1,412,1
528,Barrett Orbine,borbineen@arizona.edu,3,949,5
529,Bliss De Simoni,bdeeo@mysql.com,3,673,3
530,Lamond Slocum,lslocumep@nsw.gov.au,2,481,2
531,Alfredo Picken,apickeneq@answers.com,3,403,5
532,Constance Holehouse,cholehouseer@dailymail.co.uk,3,733,3
533,Anestassia Favelle,afavellees@irs.gov,2,492,2
534,Laina Mallett,lmallettet@ft.com,1,671,5
535,Ailyn Bennetts,abennettseu@google.co.jp,2,703,4
536,Sinclair Basham,sbashamev@nifty.com,1,672,5
537,Kin Tremblot,ktremblotew@dropbox.com,4,250,3
538,Lulu Jaeggi,ljaeggiex@ucsd.edu,1,649,4
539,Bernadette Champniss,bchampnissey@weebly.com,2,912,4
540,Patrice Rahill,prahillez@adobe.com,1,359,1
541,Estevan Tadd,etaddf0@aol.com,3,910,1
542,Em Arnald,earnaldf1@geocities.com,2,372,2
543,Care Cruces,ccrucesf2@alexa.com,3,807,4
544,Horatius Manicom,hmanicomf3@google.ru,2,657,4
545,Adolphus Portis,aportisf4@google.de,4,134,2
546,Russ Iskower,riskowerf5@biblegateway.com,1,849,4
547,Burr Haggerty,bhaggertyf6@stumbleupon.com,2,844,4
548,Milo Congrave,mcongravef7@taobao.com,2,978,4
549,Jessica Delacoste,jdelacostef8@sourceforge.net,2,516,3
550,Debby Schellig,dschelligf9@wikispaces.com,2,141,1
551,Kali Eadington,keadingtonfa@yelp.com,1,897,4
552,Sherwin Munslow,smunslowfb@sitemeter.com,4,695,1
553,Isabelle Bowdrey,ibowdreyfc@dropbox.com,3,435,3
554,Madalena Deeny,mdeenyfd@fotki.com,2,425,5
555,Cornelius Arenson,carensonfe@si.edu,2,424,5
556,Victoria Grob,vgrobff@godaddy.com,3,430,2
557,Dietrich Surgeoner,dsurgeonerfg@dailymotion.com,3,869,5
558,Ritchie MacTrustie,rmactrustiefh@istockphoto.com,4,838,1
559,Golda Jacobovitz,gjacobovitzfi@taobao.com,4,637,5
560,Archibold Ashborn,aashbornfj@liveinternet.ru,4,792,4
561,Gary Dyott,gdyottfk@twitpic.com,1,324,4
562,Georgeta Sterzaker,gsterzakerfl@furl.net,1,587,5
563,Nerta Camacke,ncamackefm@mail.ru,3,705,4
564,Ebeneser Antonomolii,eantonomoliifn@myspace.com,1,111,5
565,Desiree Scaife,dscaifefo@liveinternet.ru,1,200,5
566,Franz Borgars,fborgarsfp@wikipedia.org,2,724,2
567,Chandal Cavalier,ccavalierfq@huffingtonpost.com,3,400,1
568,Angy Fidal,afidalfr@trellian.com,2,757,4
569,Zorina Rawlyns,zrawlynsfs@nature.com,4,601,3
570,Bertrand Riseborough,briseboroughft@joomla.org,2,474,3
571,Kiley Perkinson,kperkinsonfu@meetup.com,3,471,1
572,Linnell Dunlop,ldunlopfv@google.com.br,4,735,4
573,Dareen Noot,dnootfw@deliciousdays.com,1,205,5
574,Elton Gounard,egounardfx@ask.com,3,385,1
575,Jessamyn Knightsbridge,jknightsbridgefy@buzzfeed.com,3,426,4
576,Farrell Clacson,fclacsonfz@wikia.com,4,832,5
577,Celene Highway,chighwayg0@arstechnica.com,3,975,4
578,Jacquetta Athelstan,jathelstang1@forbes.com,3,729,4
579,Kai Mingaud,kmingaudg2@state.gov,4,864,3
580,Base Augur,baugurg3@huffingtonpost.com,2,341,2
581,Merrielle Walaron,mwalarong4@scientificamerican.com,1,908,3
582,Dorette Riby,dribyg5@vk.com,4,639,2
583,Patsy Van der Velden,pvang6@ox.ac.uk,1,489,5
584,Maure Street,mstreetg7@adobe.com,1,313,4
585,Rhody Wasselin,rwasseling8@npr.org,1,458,2
586,Juliana Zmitruk,jzmitrukg9@freewebs.com,2,160,3
587,Tamara Benezeit,tbenezeitga@theatlantic.com,4,234,2
588,Gradey Rudeyeard,grudeyeardgb@opensource.org,3,457,2
589,Joaquin Saggers,jsaggersgc@ezinearticles.com,2,721,4
590,Gayler Roff,groffgd@noaa.gov,4,706,4
591,Gibbie Brash,gbrashge@vistaprint.com,2,224,5
592,Beau Maro,bmarogf@mayoclinic.com,4,805,1
593,Jodie Colley,jcolleygg@lulu.com,2,245,4
594,Augusto Fuentez,afuentezgh@newsvine.com,4,272,1
595,Jarrett Livingston,jlivingstongi@is.gd,3,754,3
596,Joni Polk,jpolkgj@ycombinator.com,3,593,2
597,Roderigo Monckton,rmoncktongk@is.gd,2,752,5
598,Fidelia Hampstead,fhampsteadgl@prnewswire.com,2,818,4
599,Stillmann Thomassen,sthomassengm@paypal.com,3,601,5
600,Lindsey Baszniak,lbaszniakgn@google.com.hk,3,245,5
601,Dollie Cavnor,dcavnorgo@nsw.gov.au,4,168,4
602,Marlo Glavis,mglavisgp@marriott.com,1,909,3
603,Roxine Poli,rpoligq@free.fr,2,736,1
604,Darda Dobsons,ddobsonsgr@pagesperso-orange.fr,2,256,1
605,Moshe Batalle,mbatallegs@hc360.com,3,872,1
606,Orion Birdfield,obirdfieldgt@hubpages.com,3,179,5
607,Ewell Knappen,eknappengu@delicious.com,1,782,1
608,Patrick Filoniere,pfilonieregv@state.gov,3,598,4
609,Bondie Herion,bheriongw@europa.eu,4,266,3
610,Nil Buntine,nbuntinegx@alexa.com,4,373,2
611,Nessi Honniebal,nhonniebalgy@bluehost.com,4,924,2
612,Joye Reisenberg,jreisenberggz@wsj.com,4,951,1
613,Mariska Hourigan,mhouriganh0@theglobeandmail.com,2,633,1
614,Ophelia Rubbert,orubberth1@mediafire.com,1,464,2
615,Bunny Walhedd,bwalheddh2@pcworld.com,1,106,2
616,Blithe Fettes,bfettesh3@nih.gov,4,381,4
617,Brooke Grzesiewicz,bgrzesiewiczh4@google.es,3,176,3
618,Noel Landeg,nlandegh5@linkedin.com,2,792,5
619,Deloria Olifard,dolifardh6@ameblo.jp,1,451,1
620,Linet Krause,lkrauseh7@twitpic.com,4,492,4
621,Halimeda Penhaligon,hpenhaligonh8@google.cn,4,318,4
622,Luz Coate,lcoateh9@altervista.org,3,711,4
623,Colin Coulling,ccoullingha@miitbeian.gov.cn,2,274,4
624,Una Labat,ulabathb@printfriendly.com,2,331,5
625,Olenolin Matthias,omatthiashc@nyu.edu,2,976,1
626,Milissent Binge,mbingehd@umich.edu,2,900,3
627,Maryl Atwell,matwellhe@i2i.jp,4,890,3
628,Vickie Cromblehome,vcromblehomehf@purevolume.com,1,875,4
629,Nata Prozillo,nprozillohg@state.gov,4,714,5
630,Malina Raoult,mraoulthh@linkedin.com,3,961,4
631,Nerissa Van der Brugge,nvanhi@feedburner.com,3,674,4
632,Gustavo Faucett,gfaucetthj@jalbum.net,3,802,3
633,Ada Flawn,aflawnhk@who.int,3,921,2
634,Johanna De Roberto,jdehl@theglobeandmail.com,2,748,4
635,Thomasine Iwanczyk,tiwanczykhm@prnewswire.com,4,941,4
636,Nap Vakhrushin,nvakhrushinhn@opensource.org,4,973,2
637,Roseann Sleet,rsleetho@etsy.com,3,100,2
638,Trevar Giller,tgillerhp@blinklist.com,4,454,3
639,Kerrin Ruperto,krupertohq@shareasale.com,3,357,4
640,Kristoforo Adderson,kaddersonhr@yolasite.com,4,686,4
641,Robers Sibbs,rsibbshs@woothemes.com,1,903,4
642,Berke Muirhead,bmuirheadht@themeforest.net,3,894,4
643,Mariellen Neylan,mneylanhu@mapquest.com,4,436,3
644,Bryanty Wendover,bwendoverhv@cisco.com,1,888,4
645,Herman Lampet,hlampethw@engadget.com,4,789,4
646,Trumaine Tuff,ttuffhx@discuz.net,2,883,3
647,Collette Guidelli,cguidellihy@sourceforge.net,3,535,3
648,Alfons Muscroft,amuscrofthz@omniture.com,1,525,3
649,Denna Pashley,dpashleyi0@jiathis.com,1,915,2
650,Lizzie Kennard,lkennardi1@msu.edu,1,943,1
651,Marcelle Quilty,mquiltyi2@drupal.org,4,126,5
652,Marilee MacHostie,mmachostiei3@purevolume.com,2,991,5
653,Sisely Murra,smurrai4@cmu.edu,4,543,4
654,Idelle Delort,idelorti5@soundcloud.com,3,443,4
655,Phillipe Stronach,pstronachi6@ycombinator.com,1,519,3
656,Marlie Dinning,mdinningi7@free.fr,4,182,5
657,Ardath Schops,aschopsi8@biglobe.ne.jp,1,359,2
658,Kaila Grigoletti,kgrigolettii9@hostgator.com,2,374,3
659,Alexis Meadmore,ameadmoreia@dailymail.co.uk,2,454,2
660,Rossie Geale,rgealeib@tinyurl.com,4,247,3
661,Christian Edgar,cedgaric@usatoday.com,4,888,4
662,Patrice Crowdson,pcrowdsonid@weather.com,4,325,4
663,Keary Exell,kexellie@hatena.ne.jp,1,331,1
664,Allister Stokoe,astokoeif@com.com,2,711,5
665,Maitilde Zanetti,mzanettiig@ft.com,4,350,2
666,Tomi Archbould,tarchbouldih@telegraph.co.uk,4,546,4
667,Maddy De la Perrelle,mdeii@mapquest.com,2,154,5
668,Harley Prott,hprottij@pbs.org,2,195,3
669,Iggy Ferrarese,iferrareseik@tripadvisor.com,3,679,4
670,Michele Aubry,maubryil@dot.gov,4,162,1
671,Joye Cullagh,jcullaghim@princeton.edu,2,326,3
672,Butch Pady,bpadyin@epa.gov,2,970,5
673,Jillie Sefton,jseftonio@blog.com,4,332,5
674,Christophorus Shemming,cshemmingip@angelfire.com,4,284,4
675,Nolan Ezzy,nezzyiq@harvard.edu,2,132,1
676,Alvera Stuttman,astuttmanir@fc2.com,3,318,3
677,Gussi Wyman,gwymanis@webmd.com,1,908,3
678,Winslow Clarke-Williams,wclarkewilliamsit@sfgate.com,3,548,3
679,Lesley Coraini,lcorainiiu@biglobe.ne.jp,3,420,1
680,Beau Domengue,bdomengueiv@acquirethisname.com,4,556,4
681,Ewan Glamart,eglamartiw@oaic.gov.au,4,885,3
682,Stanton Swoffer,sswofferix@rambler.ru,3,803,4
683,Meredithe Gilffilland,mgilffillandiy@theguardian.com,3,444,3
684,Amalee Meese,ameeseiz@slate.com,2,883,4
685,Norma Hunnybun,nhunnybunj0@eventbrite.com,4,978,5
686,Shelli Pregel,spregelj1@theglobeandmail.com,1,329,5
687,Evita Cordelet,ecordeletj2@fc2.com,1,455,3
688,Danice Heyfield,dheyfieldj3@cdbaby.com,3,827,5
689,Rosalia Rassmann,rrassmannj4@reference.com,2,386,4
690,Minny Dibling,mdiblingj5@tamu.edu,1,640,4
691,Morten Switland,mswitlandj6@theatlantic.com,4,677,1
692,Jammal Halshaw,jhalshawj7@plala.or.jp,3,825,2
693,Ilaire Libero,iliberoj8@jugem.jp,4,998,4
694,Lazarus Morrissey,lmorrisseyj9@opera.com,3,579,3
695,Dotty La Batie,dlaja@dagondesign.com,3,722,4
696,Suzette Clarabut,sclarabutjb@mtv.com,4,224,1
697,Tonya Mayler,tmaylerjc@canalblog.com,4,752,5
698,Cherri McGerr,cmcgerrjd@squarespace.com,1,526,3
699,Justinian Ledington,jledingtonje@1688.com,2,349,3
700,Dyane De Few,ddejf@unc.edu,1,551,1
701,Katherina Burel,kbureljg@diigo.com,3,829,4
702,Gui Crighton,gcrightonjh@washingtonpost.com,1,951,2
703,Karissa Denisyev,kdenisyevji@foxnews.com,4,243,2
704,Ira Jancik,ijancikjj@sbwire.com,3,697,1
705,Mildred Winser,mwinserjk@tinypic.com,3,197,4
706,Kermy Feeley,kfeeleyjl@desdev.cn,2,226,1
707,Karen Heyward,kheywardjm@nydailynews.com,1,161,1
708,Ajay Serraillier,aserraillierjn@i2i.jp,4,290,2
709,Rosalia Filshin,rfilshinjo@list-manage.com,2,742,4
710,Ringo Blowin,rblowinjp@ca.gov,1,732,4
711,Trip Lassetter,tlassetterjq@stumbleupon.com,3,713,4
712,Karel Kaliszewski,kkaliszewskijr@de.vu,2,785,5
713,Charin Manley,cmanleyjs@histats.com,2,360,1
714,Buckie O'Brien,bobrienjt@sina.com.cn,4,551,1
715,Farleigh Coventon,fcoventonju@simplemachines.org,1,195,3
716,Astrix Joel,ajoeljv@sohu.com,3,678,4
717,Ara Trigwell,atrigwelljw@accuweather.com,4,736,1
718,Van Thyng,vthyngjx@hatena.ne.jp,3,612,5
719,Van Cutchee,vcutcheejy@about.com,1,341,4
720,Lin Tidcomb,ltidcombjz@bloomberg.com,2,574,5
721,Katusha Nester,knesterk0@gov.uk,1,595,1
722,Nick Thomesson,nthomessonk1@cyberchimps.com,1,447,4
723,Nettle Fritz,nfritzk2@hud.gov,3,297,2
724,Odille Dorey,odoreyk3@nba.com,3,156,4
725,Dulcinea Degli Abbati,ddeglik4@1688.com,3,673,2
726,Alaster Wipper,awipperk5@blogtalkradio.com,1,731,4
727,Dicky Swadlinge,dswadlingek6@github.io,3,107,5
728,Shadow Mantram,smantramk7@shop-pro.jp,3,880,1
729,Heindrick Hachette,hhachettek8@indiegogo.com,3,492,4
730,Linnet Moriarty,lmoriartyk9@comsenz.com,2,412,1
731,Lane Bernetti,lbernettika@engadget.com,4,681,5
732,Rafael Olivie,roliviekb@cnbc.com,2,509,5
733,Karissa Gallimore,kgallimorekc@techcrunch.com,4,643,1
734,Amara Parsonson,aparsonsonkd@accuweather.com,1,367,4
735,Reuven Fullman,rfullmanke@multiply.com,3,302,1
736,Cristen Fassbindler,cfassbindlerkf@columbia.edu,3,589,2
737,Trevar Hayller,thayllerkg@webs.com,3,494,5
738,Eamon Kendrew,ekendrewkh@nydailynews.com,2,333,3
739,Eolanda Hessle,ehessleki@xrea.com,1,154,1
740,Ange Heliet,ahelietkj@privacy.gov.au,2,598,1
741,Lamar Berrill,lberrillkk@gov.uk,4,807,4
742,Golda Alp,galpkl@rediff.com,2,184,3
743,Allard Sommers,asommerskm@mit.edu,4,379,3
744,Englebert Misken,emiskenkn@clickbank.net,2,240,5
745,Liana Heel,lheelko@huffingtonpost.com,2,665,2
746,Marshal Biaggi,mbiaggikp@usa.gov,4,232,4
747,Kayne Goady,kgoadykq@themeforest.net,4,655,4
748,Tedi Huckster,thucksterkr@google.de,4,492,5
749,Shelby Corthes,scorthesks@behance.net,4,874,1
750,Blanca Stredwick,bstredwickkt@tinypic.com,4,242,1
751,Johnath McKeighen,jmckeighenku@timesonline.co.uk,3,376,5
752,Alfons Euston,aeustonkv@csmonitor.com,1,451,2
753,Fleur Healey,fhealeykw@salon.com,4,593,2
754,Talya Berfoot,tberfootkx@tumblr.com,2,262,4
755,Clevie Culverhouse,cculverhouseky@tamu.edu,2,887,2
756,Melesa Coners,mconerskz@woothemes.com,2,801,4
757,Emelia Mabbett,emabbettl0@webeden.co.uk,3,762,5
758,Anita Littell,alittelll1@amazon.co.uk,2,884,2
759,Ansell Filisov,afilisovl2@cam.ac.uk,4,546,5
760,Marianne Ferbrache,mferbrachel3@cornell.edu,1,487,5
761,Estella Blindmann,eblindmannl4@g.co,2,757,2
762,Ronny Palser,rpalserl5@ted.com,1,887,1
763,Sharyl Macconaghy,smacconaghyl6@sitemeter.com,1,515,4
764,Irma Rummer,irummerl7@home.pl,4,584,2
765,Lemmie Barr,lbarrl8@vistaprint.com,1,752,4
766,Alidia Edland,aedlandl9@usnews.com,2,726,1
767,Joanie Bagniuk,jbagniukla@geocities.com,4,153,5
768,Earlie Ipsley,eipsleylb@chicagotribune.com,3,977,5
769,Idalina Patry,ipatrylc@biblegateway.com,3,789,4
770,Sophey Iban,sibanld@ft.com,3,224,4
771,Roman Du Plantier,rdule@indiegogo.com,2,791,4
772,Sim Wolford,swolfordlf@examiner.com,3,980,5
773,Man Jonke,mjonkelg@taobao.com,2,795,3
774,Pauletta Perse,pperselh@1688.com,4,411,5
775,Elmira Hawton,ehawtonli@latimes.com,4,331,1
776,Levi Fawlkes,lfawlkeslj@imdb.com,2,683,1
777,Candra Cristoferi,ccristoferilk@liveinternet.ru,2,528,4
778,Janette Hubbart,jhubbartll@tmall.com,3,215,3
779,Gerik Eyer,geyerlm@hud.gov,3,145,2
780,Kimberly Boys,kboysln@tumblr.com,2,614,1
781,Fanni Gealy,fgealylo@360.cn,2,732,3
782,Tracie Elstow,telstowlp@fc2.com,1,367,5
783,Klarrisa Lodford,klodfordlq@slideshare.net,2,251,1
784,Ulrick Gouge,ugougelr@whitehouse.gov,2,551,4
785,Albie Ashwin,aashwinls@clickbank.net,2,444,1
786,Dorolice Langeren,dlangerenlt@hhs.gov,3,651,3
787,Chaim Dendle,cdendlelu@indiatimes.com,4,396,5
788,Robyn Pilipets,rpilipetslv@typepad.com,3,586,2
789,Alexei Hawkey,ahawkeylw@issuu.com,4,566,1
790,Hardy Bugbird,hbugbirdlx@latimes.com,1,918,3
791,Josephina Edelheit,jedelheitly@hugedomains.com,2,863,1
792,Lion Paladino,lpaladinolz@networksolutions.com,4,186,5
793,Savina Fassmann,sfassmannm0@artisteer.com,3,175,2
794,Sari Greenier,sgreenierm1@naver.com,4,523,5
795,Stephi Streather,sstreatherm2@lulu.com,1,344,4
796,Bella Kivlehan,bkivlehanm3@sitemeter.com,2,901,4
797,Guillaume Grealy,ggrealym4@weather.com,4,829,5
798,Wallie Kapelhoff,wkapelhoffm5@typepad.com,2,435,5
799,Vlad Doog,vdoogm6@scribd.com,4,123,3
800,Cornie Rubes,crubesm7@ning.com,2,247,4
801,Meggi Farrell,mfarrellm8@weibo.com,1,562,3
802,Ikey Mechic,imechicm9@paginegialle.it,1,204,3
803,Brockie Petruszka,bpetruszkama@xing.com,1,377,5
804,Burnard Burburough,bburburoughmb@ucoz.ru,3,575,2
805,Elora Blackman,eblackmanmc@columbia.edu,1,529,3
806,Eberto Fiveash,efiveashmd@earthlink.net,3,641,1
807,Norma Boult,nboultme@friendfeed.com,2,241,5
808,Devinne Templeton,dtempletonmf@dailymail.co.uk,1,782,2
809,Ninette Markl,nmarklmg@webeden.co.uk,1,574,5
810,Jannelle Wickman,jwickmanmh@opera.com,4,404,4
811,Zahara Kennard,zkennardmi@businesswire.com,1,972,3
812,Janela Skipperbottom,jskipperbottommj@privacy.gov.au,3,197,4
813,Dew Vaulkhard,dvaulkhardmk@weebly.com,4,415,2
814,Mariel Boice,mboiceml@people.com.cn,4,107,5
815,Jerrie Rodear,jrodearmm@economist.com,2,554,3
816,Clareta Cohan,ccohanmn@samsung.com,3,706,4
817,Maurizia Marrow,mmarrowmo@fastcompany.com,4,261,4
818,Addison Frankiss,afrankissmp@nih.gov,1,661,2
819,Katleen Lounds,kloundsmq@cbc.ca,1,215,2
820,Goraud Rickhuss,grickhussmr@cbslocal.com,2,409,4
821,Harbert Everton,hevertonms@businessinsider.com,4,679,4
822,Petronella Riggs,priggsmt@odnoklassniki.ru,4,611,1
823,Batholomew MacKibbon,bmackibbonmu@mlb.com,4,355,1
824,Niel Magowan,nmagowanmv@jimdo.com,1,566,5
825,Latrina Andrea,landreamw@vistaprint.com,1,929,5
826,Mendie Tuhy,mtuhymx@spotify.com,2,297,1
827,Shena Velden,sveldenmy@oracle.com,4,779,5
828,Lisabeth Hallihane,lhallihanemz@addtoany.com,3,653,2
829,Evaleen Longmate,elongmaten0@creativecommons.org,2,100,2
830,Josepha Bunclark,jbunclarkn1@virginia.edu,2,958,2
831,Hartley Benoey,hbenoeyn2@jalbum.net,3,564,3
832,Helenka Grimster,hgrimstern3@unc.edu,4,424,5
833,Jessalin Gould,jgouldn4@uiuc.edu,3,868,1
834,Had Hewins,hhewinsn5@creativecommons.org,4,225,2
835,Richardo Prevett,rprevettn6@4shared.com,4,170,3
836,Arlina Cade,acaden7@tinypic.com,3,667,5
837,Rosene Maddaford,rmaddafordn8@seattletimes.com,2,549,3
838,Whittaker Redit,wreditn9@hp.com,3,958,4
839,Derrick Bresland,dbreslandna@ebay.co.uk,1,722,2
840,Halette Gillion,hgillionnb@imgur.com,2,272,3
841,Caron Twiname,ctwinamenc@homestead.com,3,560,5
842,Dorise Rawsen,drawsennd@hhs.gov,2,959,5
843,Carly Storrar,cstorrarne@fc2.com,1,735,1
844,Debby Bullar,dbullarnf@craigslist.org,2,386,4
845,Dorry Heeks,dheeksng@netvibes.com,3,177,4
846,Morris Flatley,mflatleynh@pagesperso-orange.fr,2,232,3
847,Sharity Keighly,skeighlyni@redcross.org,3,698,4
848,Lucretia Bourthoumieux,lbourthoumieuxnj@cdc.gov,4,167,5
849,Kyrstin Ryder,krydernk@google.ru,3,109,5
850,Eimile Bowery,ebowerynl@jiathis.com,3,733,4
851,Andy Waldera,awalderanm@sbwire.com,4,615,3
852,Brewster Flounders,bfloundersnn@irs.gov,1,417,2
853,Waiter Waleworke,wwaleworkeno@cnbc.com,1,479,4
854,Lura Swigg,lswiggnp@webnode.com,2,355,1
855,Cortie Brenton,cbrentonnq@nsw.gov.au,1,662,3
856,Amble Vearncombe,avearncombenr@ed.gov,4,515,5
857,Jessamine Brace,jbracens@techcrunch.com,1,137,3
858,Pris McNirlan,pmcnirlannt@dell.com,1,647,4
859,Aldo Weinmann,aweinmannnu@answers.com,3,972,2
860,Hedy Frere,hfrerenv@sitemeter.com,1,220,4
861,Lorinda Adlington,ladlingtonnw@surveymonkey.com,3,814,3
862,Baudoin Goold,bgooldnx@vimeo.com,1,467,5
863,Charlene Cadwaladr,ccadwaladrny@domainmarket.com,1,289,4
864,Dodie Deeson,ddeesonnz@123-reg.co.uk,2,506,5
865,Deva Bowskill,dbowskillo0@ihg.com,2,501,4
866,Phoebe Yoselevitch,pyoselevitcho1@ebay.co.uk,4,302,5
867,Barrie Gregorace,bgregoraceo2@cbc.ca,4,192,2
868,Burr Bergeau,bbergeauo3@hibu.com,4,596,1
869,Barnie Gulliver,bgullivero4@bandcamp.com,1,889,5
870,Anthia Millington,amillingtono5@com.com,3,630,1
871,Milicent Scarrisbrick,mscarrisbricko6@naver.com,2,777,4
872,Windy Robez,wrobezo7@discuz.net,2,126,5
873,Vania McCaughey,vmccaugheyo8@php.net,1,502,5
874,Arleta Brash,abrasho9@geocities.com,3,266,2
875,Chrystel Bartolomeo,cbartolomeooa@goodreads.com,1,263,2
876,Dugald Buggy,dbuggyob@comsenz.com,2,663,4
877,Kelci Castree,kcastreeoc@netscape.com,4,956,1
878,Ruddy Blurton,rblurtonod@nsw.gov.au,2,850,2
879,Alvinia McGillreich,amcgillreichoe@gov.uk,2,517,2
880,Kalindi Shilleto,kshilletoof@buzzfeed.com,4,596,5
881,Jamesy Wyard,jwyardog@deliciousdays.com,4,643,5
882,Jennica Hintze,jhintzeoh@mail.ru,1,786,5
883,Janna Croysdale,jcroysdaleoi@china.com.cn,4,517,5
884,Adrianne Dowdam,adowdamoj@imdb.com,2,553,1
885,Malvina Polotti,mpolottiok@google.fr,4,768,2
886,Shaun Goldby,sgoldbyol@yahoo.co.jp,4,263,3
887,Brian Geering,bgeeringom@google.com.hk,2,624,1
888,Sena Joisce,sjoisceon@jiathis.com,4,607,3
889,Rustin Ridel,rrideloo@hostgator.com,3,861,3
890,Flss Davitt,fdavittop@ucla.edu,3,462,5
891,Nathaniel Heifer,nheiferoq@ucoz.com,1,652,4
892,Rogerio Eadmeads,readmeadsor@t-online.de,2,790,3
893,Auberon Cisneros,acisnerosos@bravesites.com,1,311,5
894,Derrick Roman,dromanot@ebay.co.uk,3,308,3
895,Maxi Chamberlin,mchamberlinou@woothemes.com,3,347,3
896,Saunderson Capitano,scapitanoov@studiopress.com,1,139,4
897,Lorrie Gouck,lgouckow@va.gov,2,940,5
898,Petunia Conkie,pconkieox@tiny.cc,3,620,4
899,Richmond Gerard,rgerardoy@cbslocal.com,3,965,2
900,Jed Saltman,jsaltmanoz@woothemes.com,3,666,3
901,Paulo Ciottoi,pciottoip0@nature.com,2,155,3
902,Bertrando Dulen,bdulenp1@time.com,2,723,2
903,Abbey Rowlstone,arowlstonep2@xinhuanet.com,1,889,4
904,Pooh Pyrton,ppyrtonp3@tmall.com,2,650,2
905,Polly Rubinow,prubinowp4@macromedia.com,3,457,3
906,Dun Muslim,dmuslimp5@reddit.com,1,744,1
907,Imogen Swanton,iswantonp6@yelp.com,3,182,2
908,Kele Gillford,kgillfordp7@economist.com,4,972,2
909,Fairfax Minthorpe,fminthorpep8@businessinsider.com,4,287,5
910,Kary Hallward,khallwardp9@bing.com,1,567,4
911,Evelyn Wrintmore,ewrintmorepa@prweb.com,4,309,4
912,Cristine Heffy,cheffypb@biglobe.ne.jp,3,962,1
913,Thorin Haster,thasterpc@quantcast.com,1,759,1
914,Catherin Hazael,chazaelpd@indiatimes.com,2,364,4
915,Rustie Stihl,rstihlpe@usda.gov,3,961,1
916,Tori Privett,tprivettpf@army.mil,3,625,5
917,Karoline Bedford,kbedfordpg@loc.gov,1,490,5
918,Diandra Wray,dwrayph@mit.edu,1,160,1
919,Faydra Blaver,fblaverpi@cafepress.com,3,168,4
920,Merilyn Ashmole,mashmolepj@nyu.edu,3,409,2
921,Nicol L'Amie,nlamiepk@latimes.com,1,481,1
922,Quintina Paragreen,qparagreenpl@dion.ne.jp,4,725,5
923,Kingston O'Lunny,kolunnypm@marketwatch.com,3,602,3
924,Merlina Richings,mrichingspn@ucsd.edu,1,478,3
925,Montgomery Bradford,mbradfordpo@drupal.org,4,398,3
926,Mathias Pregel,mpregelpp@yandex.ru,4,618,4
927,Nels Youson,nyousonpq@msu.edu,1,388,1
928,Oswald Stonuary,ostonuarypr@whitehouse.gov,2,769,3
929,Wade Butcher,wbutcherps@mail.ru,4,499,5
930,Jareb Bottle,jbottlept@admin.ch,4,448,4
931,Roosevelt Raiker,rraikerpu@tumblr.com,3,152,4
932,Dolores Okell,dokellpv@nature.com,4,875,4
933,Desmund Trippitt,dtrippittpw@bloomberg.com,3,592,4
934,Rozella Hrachovec,rhrachovecpx@google.it,3,599,3
935,Ario Kenrack,akenrackpy@bloglines.com,1,389,3
936,Sabine Tomsett,stomsettpz@dmoz.org,3,364,2
937,Victoria Shankle,vshankleq0@linkedin.com,4,108,4
938,Cob Schimank,cschimankq1@state.tx.us,2,814,1
939,Ahmed Edeler,aedelerq2@earthlink.net,2,978,5
940,Belva Bearman,bbearmanq3@etsy.com,3,220,4
941,Zola Simonou,zsimonouq4@census.gov,1,212,3
942,Bertine Cromleholme,bcromleholmeq5@elpais.com,2,557,2
943,Feodora Feares,ffearesq6@cornell.edu,3,168,3
944,Jeralee Cockren,jcockrenq7@creativecommons.org,3,689,1
945,Abbey Slight,aslightq8@bloglovin.com,1,163,4
946,Josy Daughtrey,jdaughtreyq9@flavors.me,3,234,2
947,Gillie Stuckey,gstuckeyqa@trellian.com,4,421,2
948,Jerrie Weine,jweineqb@bandcamp.com,2,326,2
949,Rochell O'Cahill,rocahillqc@toplist.cz,4,598,5
950,Maure Peddowe,mpeddoweqd@biglobe.ne.jp,3,540,1
951,Danie Haworth,dhaworthqe@hao123.com,4,130,5
952,Cele Borland,cborlandqf@dell.com,3,841,2
953,Koressa Kellie,kkellieqg@sciencedaily.com,1,169,1
954,Rochella Marishenko,rmarishenkoqh@altervista.org,1,776,2
955,Martainn Rouff,mrouffqi@nhs.uk,3,536,4
956,Odetta Pestor,opestorqj@unesco.org,4,407,5